{"cameraMode":{"drawMode":0,"name":"Shaded","section":"Shading Mode"},"sceneLighting":false,"audioPlay":false,"sceneViewState":{"showFog":true,"showMaterialUpdate":false,"showSkybox":false,"showFlares":true,"showImageEffects":true,"showParticleSystems":true},"in2DMode":false,"pivot":{"x":0.8267747163772583,"y":1.7301875352859498,"z":-1.521733045578003},"rotation":{"x":0.37480199337005618,"y":-0.12459105253219605,"z":0.05090789496898651,"w":0.9172835350036621},"size":1.6744093894958497,"orthographic":false}