{"cameraMode":{"drawMode":0,"name":"Shaded","section":"Shading Mode"},"sceneLighting":false,"audioPlay":false,"sceneViewState":{"showFog":true,"showMaterialUpdate":false,"showSkybox":false,"showFlares":true,"showImageEffects":true,"showParticleSystems":true},"in2DMode":false,"pivot":{"x":1.8366155624389649,"y":2.42391037940979,"z":-0.07407277077436447},"rotation":{"x":-0.24201443791389466,"y":0.6881969571113586,"z":-0.2641057074069977,"w":-0.6311311721801758},"size":0.7071244716644287,"orthographic":false}