{"cameraMode":{"drawMode":0,"name":"Shaded","section":"Shading Mode"},"sceneLighting":false,"audioPlay":false,"sceneViewState":{"showFog":true,"showMaterialUpdate":false,"showSkybox":false,"showFlares":true,"showImageEffects":true,"showParticleSystems":true},"in2DMode":false,"pivot":{"x":1.503000020980835,"y":0.5149999856948853,"z":-1.9140000343322755},"rotation":{"x":0.24497121572494508,"y":-0.008725859224796296,"z":0.002205069875344634,"w":0.9694897532463074},"size":0.000017344029402011074,"orthographic":false}