{"cameraMode":{"drawMode":0,"name":"Shaded","section":"Shading Mode"},"sceneLighting":false,"audioPlay":false,"sceneViewState":{"showFog":true,"showMaterialUpdate":false,"showSkybox":false,"showFlares":true,"showImageEffects":true,"showParticleSystems":true},"in2DMode":false,"pivot":{"x":0.5027951598167419,"y":1.3144522905349732,"z":-0.004130363464355469},"rotation":{"x":0.28832972049713137,"y":0.010912933386862278,"z":-0.0032889496069401504,"w":0.9574686884880066},"size":1.4327772855758668,"orthographic":true}