{"cameraMode":{"drawMode":0,"name":"Shaded","section":"Shading Mode"},"sceneLighting":false,"audioPlay":false,"sceneViewState":{"showFog":true,"showMaterialUpdate":false,"showSkybox":false,"showFlares":true,"showImageEffects":true,"showParticleSystems":true},"in2DMode":false,"pivot":{"x":-2.3220603466033937,"y":-0.15480566024780274,"z":9.38094711303711},"rotation":{"x":0.24497121572494508,"y":-0.008725859224796296,"z":0.002205069875344634,"w":0.9694897532463074},"size":1.9650743007659913,"orthographic":false}