{"cameraMode":{"drawMode":0,"name":"Shaded","section":"Shading Mode"},"sceneLighting":false,"audioPlay":false,"sceneViewState":{"showFog":true,"showMaterialUpdate":false,"showSkybox":false,"showFlares":true,"showImageEffects":true,"showParticleSystems":true},"in2DMode":false,"pivot":{"x":9.042731285095215,"y":-2.4840331077575685,"z":2.4403977394104006},"rotation":{"x":-0.11209890991449356,"y":-0.8800945281982422,"z":0.25784602761268618,"w":-0.3826228082180023},"size":6.362613201141357,"orthographic":false}