{"cameraMode":{"drawMode":0,"name":"Shaded","section":"Shading Mode"},"sceneLighting":false,"audioPlay":false,"sceneViewState":{"showFog":true,"showMaterialUpdate":false,"showSkybox":false,"showFlares":true,"showImageEffects":true,"showParticleSystems":true},"in2DMode":false,"pivot":{"x":5.164759635925293,"y":-10.443058967590332,"z":-41.68992233276367},"rotation":{"x":-0.006350445095449686,"y":-0.9911956191062927,"z":0.12193095684051514,"w":-0.051793862134218219},"size":23.447772979736329,"orthographic":false}