{"cameraMode":{"drawMode":0,"name":"Shaded","section":"Shading Mode"},"sceneLighting":false,"audioPlay":false,"sceneViewState":{"showFog":true,"showMaterialUpdate":false,"showSkybox":false,"showFlares":true,"showImageEffects":true,"showParticleSystems":true},"in2DMode":false,"pivot":{"x":0.5193102359771729,"y":-0.0635824203491211,"z":0.17315959930419923},"rotation":{"x":0.12469420582056046,"y":-0.12319422513246536,"z":0.015605148859322071,"w":0.9843941330909729},"size":4.900480270385742,"orthographic":false}