{"cameraMode":{"drawMode":0,"name":"Shaded","section":"Shading Mode"},"sceneLighting":false,"audioPlay":false,"sceneViewState":{"showFog":true,"showMaterialUpdate":false,"showSkybox":false,"showFlares":true,"showImageEffects":true,"showParticleSystems":true},"in2DMode":false,"pivot":{"x":0.080322265625,"y":0.76141357421875,"z":-0.063232421875},"rotation":{"x":0.0012143116910010577,"y":-0.9982221126556397,"z":0.05545813590288162,"w":0.02186277136206627},"size":8.554678916931153,"orthographic":true}