{"cameraMode":{"drawMode":0,"name":"Shaded","section":"Shading Mode"},"sceneLighting":false,"audioPlay":false,"sceneViewState":{"showFog":true,"showMaterialUpdate":false,"showSkybox":false,"showFlares":true,"showImageEffects":true,"showParticleSystems":true},"in2DMode":false,"pivot":{"x":8.466501235961914,"y":-0.5351071357727051,"z":-2.0910534858703615},"rotation":{"x":-0.06152525171637535,"y":-0.9302917122840881,"z":0.18374022841453553,"w":-0.311494380235672},"size":6.662613391876221,"orthographic":false}