{"cameraMode":{"drawMode":0,"name":"Shaded","section":"Shading Mode"},"sceneLighting":false,"audioPlay":false,"sceneViewState":{"showFog":true,"showMaterialUpdate":false,"showSkybox":false,"showFlares":true,"showImageEffects":true,"showParticleSystems":true},"in2DMode":false,"pivot":{"x":-0.4380035400390625,"y":2.2919998168945314,"z":0.44300079345703127},"rotation":{"x":0.28832972049713137,"y":0.010912933386862278,"z":-0.0032889496069401504,"w":0.9574686884880066},"size":121.2435531616211,"orthographic":true}