{"cameraMode":{"drawMode":0,"name":"Shaded","section":"Shading Mode"},"sceneLighting":false,"audioPlay":false,"sceneViewState":{"showFog":true,"showMaterialUpdate":false,"showSkybox":false,"showFlares":true,"showImageEffects":true,"showParticleSystems":true},"in2DMode":false,"pivot":{"x":-2.1856627464294435,"y":2.687514305114746,"z":-3.2432944774627687},"rotation":{"x":0.288714736700058,"y":0.22338451445102693,"z":-0.06946216523647309,"w":0.9283984303474426},"size":4.642312049865723,"orthographic":false}