{"cameraMode":{"drawMode":0,"name":"Shaded","section":"Shading Mode"},"sceneLighting":false,"audioPlay":false,"sceneViewState":{"showFog":true,"showMaterialUpdate":false,"showSkybox":false,"showFlares":true,"showImageEffects":true,"showParticleSystems":true},"in2DMode":false,"pivot":{"x":0.06829071044921875,"y":-0.06930184364318848,"z":0.4909076690673828},"rotation":{"x":-0.10289963334798813,"y":0.8841719627380371,"z":-0.231894850730896,"w":-0.392305850982666},"size":1.5626120567321778,"orthographic":false}