{"cameraMode":{"drawMode":0,"name":"Shaded","section":"Shading Mode"},"sceneLighting":false,"audioPlay":false,"sceneViewState":{"showFog":true,"showMaterialUpdate":false,"showSkybox":false,"showFlares":true,"showImageEffects":true,"showParticleSystems":true},"in2DMode":false,"pivot":{"x":0.08518347144126892,"y":1.3840298652648926,"z":-0.07877135276794434},"rotation":{"x":0.12713414430618287,"y":0.001931685139425099,"z":-0.00024004977603908628,"w":0.9918854236602783},"size":1.6583123207092286,"orthographic":false}