{"cameraMode":{"drawMode":0,"name":"Shaded","section":"Shading Mode"},"sceneLighting":false,"audioPlay":false,"sceneViewState":{"showFog":true,"showMaterialUpdate":false,"showSkybox":false,"showFlares":true,"showImageEffects":true,"showParticleSystems":true},"in2DMode":false,"pivot":{"x":5.373000144958496,"y":1.9809999465942383,"z":-7.130000114440918},"rotation":{"x":-0.3140403926372528,"y":0.42780616879463198,"z":-0.16146442294120789,"w":-0.8320522308349609},"size":1.0024969577789307,"orthographic":false}