{"cameraMode":{"drawMode":0,"name":"Shaded","section":"Shading Mode"},"sceneLighting":false,"audioPlay":false,"sceneViewState":{"showFog":true,"showMaterialUpdate":false,"showSkybox":false,"showFlares":true,"showImageEffects":true,"showParticleSystems":true},"in2DMode":false,"pivot":{"x":-0.5768899917602539,"y":1.5637397766113282,"z":-21.941665649414064},"rotation":{"x":0.07412715256214142,"y":0.9221194386482239,"z":-0.30845507979393008,"w":0.2215535044670105},"size":7.075485706329346,"orthographic":false}