{"cameraMode":{"drawMode":0,"name":"Shaded","section":"Shading Mode"},"sceneLighting":false,"audioPlay":false,"sceneViewState":{"showFog":true,"showMaterialUpdate":false,"showSkybox":false,"showFlares":true,"showImageEffects":true,"showParticleSystems":true},"in2DMode":false,"pivot":{"x":1.40283203125,"y":1.492472767829895,"z":0.36466315388679507},"rotation":{"x":0.28212955594062807,"y":0.23714447021484376,"z":-0.07218989729881287,"w":0.9267997741699219},"size":2.481613874435425,"orthographic":true}