{"cameraMode":{"drawMode":0,"name":"Shaded","section":"Shading Mode"},"sceneLighting":false,"audioPlay":false,"sceneViewState":{"showFog":true,"showMaterialUpdate":false,"showSkybox":false,"showFlares":true,"showImageEffects":true,"showParticleSystems":true},"in2DMode":false,"pivot":{"x":0.6114193201065064,"y":1.6925745010375977,"z":-1.530909538269043},"rotation":{"x":-0.30294370651245119,"y":-0.02083764597773552,"z":0.006502354517579079,"w":-0.9528964757919312},"size":0.7071244716644287,"orthographic":false}