{"cameraMode":{"drawMode":0,"name":"Shaded","section":"Shading Mode"},"sceneLighting":false,"audioPlay":false,"sceneViewState":{"showFog":true,"showMaterialUpdate":false,"showSkybox":false,"showFlares":true,"showImageEffects":true,"showParticleSystems":true},"in2DMode":false,"pivot":{"x":-26.754926681518556,"y":-12.86126708984375,"z":-29.146408081054689},"rotation":{"x":-0.05782356113195419,"y":0.9213405847549439,"z":-0.1505732238292694,"w":-0.35375699400901797},"size":24.20134925842285,"orthographic":false}