{"cameraMode":{"drawMode":0,"name":"Shaded","section":"Shading Mode"},"sceneLighting":false,"audioPlay":false,"sceneViewState":{"showFog":true,"showMaterialUpdate":false,"showSkybox":false,"showFlares":true,"showImageEffects":true,"showParticleSystems":true},"in2DMode":false,"pivot":{"x":0.7785744667053223,"y":5.911041736602783,"z":-7.3111066818237309},"rotation":{"x":-0.30547410249710085,"y":0.045379888266325,"z":-0.014885312877595425,"w":-0.9510220289230347},"size":0.8660253882408142,"orthographic":false}