{"cameraMode":{"drawMode":0,"name":"Shaded","section":"Shading Mode"},"sceneLighting":false,"audioPlay":false,"sceneViewState":{"showFog":true,"showMaterialUpdate":false,"showSkybox":false,"showFlares":true,"showImageEffects":true,"showParticleSystems":true},"in2DMode":false,"pivot":{"x":0.20559298992156983,"y":1.440014362335205,"z":0.1597423553466797},"rotation":{"x":0.10178705304861069,"y":-0.01746046543121338,"z":0.001794149400666356,"w":0.9946519136428833},"size":1.6339163780212403,"orthographic":false}