{"cameraMode":{"drawMode":0,"name":"Shaded","section":"Shading Mode"},"sceneLighting":false,"audioPlay":false,"sceneViewState":{"showFog":true,"showMaterialUpdate":false,"showSkybox":false,"showFlares":true,"showImageEffects":true,"showParticleSystems":true},"in2DMode":false,"pivot":{"x":-0.5572357177734375,"y":-0.6627216339111328,"z":0.9071006774902344},"rotation":{"x":0.23500367999076844,"y":0.09954466670751572,"z":-0.024194985628128053,"w":0.9665870070457459},"size":7.658489227294922,"orthographic":false}