{"cameraMode":{"drawMode":0,"name":"Shaded","section":"Shading Mode"},"sceneLighting":false,"audioPlay":false,"sceneViewState":{"showFog":true,"showMaterialUpdate":false,"showSkybox":false,"showFlares":true,"showImageEffects":true,"showParticleSystems":true},"in2DMode":false,"pivot":{"x":143.99319458007813,"y":-130.78575134277345,"z":-154.62017822265626},"rotation":{"x":0.09887202829122544,"y":0.8966996669769287,"z":-0.2542639374732971,"w":0.3486176133155823},"size":141.42156982421876,"orthographic":false}