{"cameraMode":{"drawMode":0,"name":"Shaded","section":"Shading Mode"},"sceneLighting":false,"audioPlay":false,"sceneViewState":{"showFog":true,"showMaterialUpdate":false,"showSkybox":false,"showFlares":true,"showImageEffects":true,"showParticleSystems":true},"in2DMode":false,"pivot":{"x":-0.004792612511664629,"y":0.7067781686782837,"z":0.77392578125},"rotation":{"x":0.30503934621810915,"y":0.05424470454454422,"z":-0.017405975610017778,"w":0.9506363272666931},"size":2.1665139198303224,"orthographic":true}