{"cameraMode":{"drawMode":0,"name":"Shaded","section":"Shading Mode"},"sceneLighting":false,"audioPlay":false,"sceneViewState":{"showFog":true,"showMaterialUpdate":false,"showSkybox":false,"showFlares":true,"showImageEffects":true,"showParticleSystems":true},"in2DMode":false,"pivot":{"x":0.002220064401626587,"y":1.6715583801269532,"z":3.214900255203247},"rotation":{"x":0.24497121572494508,"y":-0.008725859224796296,"z":0.002205069875344634,"w":0.9694897532463074},"size":3.0148777961730959,"orthographic":false}