{"cameraMode":{"drawMode":0,"name":"Shaded","section":"Shading Mode"},"sceneLighting":false,"audioPlay":false,"sceneViewState":{"showFog":true,"showMaterialUpdate":false,"showSkybox":false,"showFlares":true,"showImageEffects":true,"showParticleSystems":true},"in2DMode":false,"pivot":{"x":0.1029353141784668,"y":0.11428749561309815,"z":0.23556900024414063},"rotation":{"x":0.12502877414226533,"y":0.2334386557340622,"z":-0.030275970697402955,"w":0.9638291001319885},"size":2.1062207221984865,"orthographic":false}