{"cameraMode":{"drawMode":0,"name":"Shaded","section":"Shading Mode"},"sceneLighting":false,"audioPlay":false,"sceneViewState":{"showFog":true,"showMaterialUpdate":false,"showSkybox":false,"showFlares":true,"showImageEffects":true,"showParticleSystems":true},"in2DMode":false,"pivot":{"x":-0.7759525775909424,"y":0.305816650390625,"z":0.25074878334999087},"rotation":{"x":-0.03824765980243683,"y":0.8736181259155273,"z":-0.06959936767816544,"w":-0.48008856177330019},"size":3.1011016368865969,"orthographic":true}