{"cameraMode":{"drawMode":0,"name":"Shaded","section":"Shading Mode"},"sceneLighting":false,"audioPlay":false,"sceneViewState":{"showFog":true,"showMaterialUpdate":false,"showSkybox":false,"showFlares":true,"showImageEffects":true,"showParticleSystems":true},"in2DMode":false,"pivot":{"x":0.7763938903808594,"y":3.652139663696289,"z":-4.716603755950928},"rotation":{"x":-0.2412637323141098,"y":-0.6718761920928955,"z":0.24738454818725587,"w":-0.6551941633224487},"size":13.350809097290039,"orthographic":false}