{"cameraMode":{"drawMode":0,"name":"Shaded","section":"Shading Mode"},"sceneLighting":false,"audioPlay":false,"sceneViewState":{"showFog":true,"showMaterialUpdate":false,"showSkybox":false,"showFlares":true,"showImageEffects":true,"showParticleSystems":true},"in2DMode":false,"pivot":{"x":11.106830596923829,"y":0.7742598056793213,"z":0.42233896255493166},"rotation":{"x":0.24497121572494508,"y":-0.008725859224796296,"z":0.002205069875344634,"w":0.9694897532463074},"size":3.612717390060425,"orthographic":false}