{"cameraMode":{"drawMode":0,"name":"Shaded","section":"Shading Mode"},"sceneLighting":false,"audioPlay":false,"sceneViewState":{"showFog":true,"showMaterialUpdate":false,"showSkybox":false,"showFlares":true,"showImageEffects":true,"showParticleSystems":true},"in2DMode":false,"pivot":{"x":-1.17724609375,"y":1.8872568607330323,"z":0.9870221018791199},"rotation":{"x":0.12800589203834535,"y":-0.7323150634765625,"z":0.14349843561649323,"w":0.6532519459724426},"size":2.5452685356140138,"orthographic":true}