{"cameraMode":{"drawMode":0,"name":"Shaded","section":"Shading Mode"},"sceneLighting":false,"audioPlay":false,"sceneViewState":{"showFog":true,"showMaterialUpdate":false,"showSkybox":false,"showFlares":true,"showImageEffects":true,"showParticleSystems":true},"in2DMode":false,"pivot":{"x":0.6701867580413818,"y":0.6898412704467773,"z":-0.06895649433135987},"rotation":{"x":-0.16640308499336244,"y":-0.4347165524959564,"z":0.08147207647562027,"w":-0.881565511226654},"size":0.9923335909843445,"orthographic":false}